model,prompt_type,accuracy,f1,precision,recall,token_variance,total,yes_count,no_count,yes_ratio,valid_predictions
llama32_1b_pagerank_partial,gene,0.5059760956175299,0.6702127659574468,1.0,0.504,9258.381632831226,502,252,250,0.50199203187251,502
llama32_1b_pagerank_partial,phenotype,0.70042194092827,0.7635960044395117,0.85785536159601,0.688,100653.24321640446,711,401,310,0.5639943741209564,711
llama32_1b_pagerank_partial,cot,0.7060998151571165,0.8153310104529616,0.9722991689750693,0.702,23262.21179372764,541,361,180,0.66728280961183,541
llama32_1b_pagerank_partial,raw,0.8644688644688645,0.9237113402061856,0.9531914893617022,0.896,27990.669152276292,546,470,76,0.8608058608058609,546
llama32_3b_pagerank_partial,gene,0.6519685039370079,0.7294981640146879,0.9400630914826499,0.596,128462.08961249923,635,317,318,0.49921259842519683,635
llama32_3b_pagerank_partial,phenotype,0.7455919395465995,0.8139963167587477,0.7542662116040956,0.884,107145.28442538182,794,586,208,0.7380352644836272,794
llama32_3b_pagerank_partial,cot,0.754,0.7592954990215264,0.7432950191570882,0.776,58603.27303600001,1000,522,478,0.522,1000
llama32_3b_pagerank_partial,raw,0.632,0.717357910906298,0.5822942643391521,0.934,43196.960070999994,1000,802,198,0.802,1000
